Channel Name,Category,Channel Link,Subscribers,Total View,Total Video,Lastest Video
Real Life PDN,People & Blogs,http://www.youtube.com/channel/UCQO027mU0JUGBIyTLRD4RRQ,97 Subscribers,30 Videos,30.3K Total Views,Latest Video: Jul 31 2022
6 Minute School,Education,http://www.youtube.com/channel/UCresYI3J0WuFpmCrHsq9enQ,339 Subscribers,78 Videos,4.17K Total Views,Latest Video: Jul 31 2022
PD TV,Entertainment,http://www.youtube.com/channel/UCEy6nrw1CJ0fo6C3Tpnq5-g,333 Subscribers,67 Videos,8.90K Total Views,Latest Video: Jul 31 2022
NILL PORI BD,People & Blogs,http://www.youtube.com/channel/UCnQUlL4a7P8j668hw7aavpw,295 Subscribers,64 Videos,59.9K Total Views,Latest Video: Jul 31 2022
TristanTheVyonder200...,Comedy,http://www.youtube.com/channel/UC9BYOeNd6fx2hBHjK3engMw,302 Subscribers,27 Videos,110K Total Views,Latest Video: Jul 30 2022
Squire Rel,People & Blogs,http://www.youtube.com/channel/UChaDBV9Utx9Cb6RSwXTq54A,10.0K Subscribers,191 Videos,3.97M Total Views,Latest Video: Jul 30 2022
NASCARDawg48,People & Blogs,http://www.youtube.com/channel/UCFW6B8tLd-8KOTtgssYLBtQ,640 Subscribers,141 Videos,419K Total Views,Latest Video: Jul 30 2022
Maverick Minds at Wo...,People & Blogs,http://www.youtube.com/channel/UCd0xNwG9AGPN1-CRghv3mKw,2 Subscribers,8 Videos,303 Total Views,Latest Video: Jul 29 2022
create nation,Education,http://www.youtube.com/channel/UCHgtX-K4D0sr0-quXdcm6QA,2 Subscribers,2 Videos,1.15K Total Views,Latest Video: Jul 29 2022
ŸäŸàÿ≥ŸÅ ÿßŸÑÿ™ÿ±ŸÉÔøΩ...,People & Blogs,http://www.youtube.com/channel/UCwAh52eZUqNQlcc_Qa6dWXg,441K Subscribers,415 Videos,258M Total Views,Latest Video: Jul 28 2022
Tommy C's SFTP,Entertainment,http://www.youtube.com/channel/UCzsqJV6eaQPlmaXgmYaw9kw,47.2K Subscribers,2483 Videos,14.7M Total Views,Latest Video: Jul 28 2022
ingridgott,Pets & Animals,http://www.youtube.com/channel/UCbQ_GnmqPLip8n89K-DksHQ,48.3K Subscribers,360 Videos,34.5M Total Views,Latest Video: Jul 28 2022
GS Edit,Education,http://www.youtube.com/channel/UC19B5t6tTBUJaqqphdoV11g,30.9K Subscribers,113 Videos,1.17M Total Views,Latest Video: Jul 28 2022
Pronostics de Coucou...,Sports,http://www.youtube.com/channel/UCzSZK_YhcAYkWQPdiAB5o6Q,35.2K Subscribers,1057 Videos,10.2M Total Views,Latest Video: Jul 28 2022
Natalice Alves,People & Blogs,http://www.youtube.com/channel/UCz5PCn2ji2t2RUvdEZaqpwg,20.2K Subscribers,168 Videos,1.43M Total Views,Latest Video: Jul 28 2022
–•–æ–∫–∫–µ–π –ë–µ–ªÔøΩ...,Sports,http://www.youtube.com/channel/UCZ656FSO-sWqPnQfJOLlHhg,25.4K Subscribers,4062 Videos,10.0M Total Views,Latest Video: Jul 28 2022
ITZ KAKASHI,People & Blogs,http://www.youtube.com/channel/UCehSuRM_WcjPe5JsAdUieOQ,10.2K Subscribers,119 Videos,291K Total Views,Latest Video: Jul 28 2022
Adiyamanliyiyor,People & Blogs,http://www.youtube.com/channel/UCzSmD7-cmyEpqywWyxJDGJw,18.5K Subscribers,366 Videos,40.0M Total Views,Latest Video: Jul 28 2022
OPLOT,Gaming,http://www.youtube.com/channel/UCzsoekmUsZ700csauQSJpkQ,77.7K Subscribers,548 Videos,17.7M Total Views,Latest Video: Jul 28 2022
ÿßŸÑÿ≠Ÿäÿßÿ© ÿßŸÑÿ∑ÔøΩ...,Education,http://www.youtube.com/channel/UCUexEbGEiVsLyjJUmHgqPIA,41.9K Subscribers,700 Videos,4.29M Total Views,Latest Video: Jul 28 2022
N.V.I. NANAKSAR,Music,http://www.youtube.com/channel/UCyHgoJ3dqpQXYUQKZno8KhA,620K Subscribers,5659 Videos,126M Total Views,Latest Video: Jul 28 2022
Wanda Rolon,People & Blogs,http://www.youtube.com/channel/UCZHz2d1wOP6guwHip52D-ag,14.9K Subscribers,2228 Videos,1.62M Total Views,Latest Video: Jul 28 2022
Noticias RNN,News & Politics,http://www.youtube.com/channel/UCY2kOXEurb31Y1-JvOsizwQ,63.0K Subscribers,26184 Videos,12.9M Total Views,Latest Video: Jul 28 2022
TR1SS,Gaming,http://www.youtube.com/channel/UCy3LWGwMCunKc43KB8dT3_g,134K Subscribers,1334 Videos,13.8M Total Views,Latest Video: Jul 28 2022
ÿ≠⁄©€åŸÖ ÿ®ÿßÿ¥€å ha...,Howto & Style,http://www.youtube.com/channel/UCzRUQqG3x8q1G2mzNrFshjQ,67.0K Subscribers,678 Videos,12.2M Total Views,Latest Video: Jul 28 2022
Newfie Bangaa,Gaming,http://www.youtube.com/channel/UCXrnDkp0U_boa7GG6IpMMDw,29.8K Subscribers,13237 Videos,26.1M Total Views,Latest Video: Jul 28 2022
Nimja Hypnosis,Entertainment,http://www.youtube.com/channel/UCZJwVlZhnEIrHD0hyogRqsA,208K Subscribers,545 Videos,37.7M Total Views,Latest Video: Jul 28 2022
Topes de Gama Unplug...,People & Blogs,http://www.youtube.com/channel/UCYHdHadsTv4YYFk59GzU63Q,45.0K Subscribers,735 Videos,5.00M Total Views,Latest Video: Jul 28 2022
Comunidad Hosanna,Entertainment,http://www.youtube.com/channel/UCY4YcwH7Ik-3Ba8-pPJiwzA,21.4K Subscribers,2245 Videos,1.35M Total Views,Latest Video: Jul 28 2022
Keto Connect,People & Blogs,http://www.youtube.com/channel/UCzRYivTpUQ0r2qPPjfLoQiA,967K Subscribers,989 Videos,106M Total Views,Latest Video: Jul 28 2022
Lucas Famozinho,Music,http://www.youtube.com/channel/UClaNkv8oRZeQOErNOTtdHEw,62.4K Subscribers,574 Videos,10.4M Total Views,Latest Video: Jul 28 2022
Tina Le,Howto & Style,http://www.youtube.com/channel/UCyrqOUe1NpEVVLNwo1IgeOw,208K Subscribers,236 Videos,14.4M Total Views,Latest Video: Jul 28 2022
GAMERSX3,Gaming,http://www.youtube.com/channel/UCY4cYwfM0gib2flITh1ZsFQ,22.9K Subscribers,1684 Videos,2.18M Total Views,Latest Video: Jul 28 2022
Rossy Academia,Howto & Style,http://www.youtube.com/channel/UCxrISZEAymMTdxilutlDOjQ,72.0K Subscribers,158 Videos,2.93M Total Views,Latest Video: Jul 28 2022
Proeizis,Entertainment,http://www.youtube.com/channel/UCQZtExEkmZrS1EufzICJi5Q,33.8K Subscribers,19 Videos,3.73K Total Views,Latest Video: Jul 28 2022
≈ûiirli Dakikalar Se...,Film and Animation,http://www.youtube.com/channel/UCxrtNfAL4kuoeL_ZMjNLCuA,20.1K Subscribers,522 Videos,5.22M Total Views,Latest Video: Jul 28 2022
Jos√© Delgado TV,News & Politics,http://www.youtube.com/channel/UCY3VSBSo_3_jjLM2so7Momw,91.1K Subscribers,3583 Videos,23.5M Total Views,Latest Video: Jul 28 2022
Genial Investimentos...,Education,http://www.youtube.com/channel/UCYSOMA4Yx1CJvrdI8epLfnA,102K Subscribers,1929 Videos,21.7M Total Views,Latest Video: Jul 28 2022
Roy Gaming,Gaming,http://www.youtube.com/channel/UC6s_hKht9wEzvI1RSUOaCxg,496K Subscribers,1088 Videos,13.5M Total Views,Latest Video: Jul 28 2022
DownloadingPirate,Education,http://www.youtube.com/channel/UCDpzfA7lBv9tdLBDEW-4Ovw,21.3K Subscribers,155 Videos,2.18M Total Views,Latest Video: Jul 28 2022
Top Hat Gaming Man,Entertainment,http://www.youtube.com/channel/UCZiiGwQJ0ybsCcN3fyGBQCQ,119K Subscribers,699 Videos,23.9M Total Views,Latest Video: Jul 28 2022
HACKER-_DO-_B3M,Gaming,http://www.youtube.com/channel/UCZ4zX0fA9qAOGE4HCK7lZUQ,131K Subscribers,585 Videos,13.9M Total Views,Latest Video: Jul 28 2022
Epagri V√≠deos,People & Blogs,http://www.youtube.com/channel/UCY2KH_MqN0HUihndkcG8JdQ,280K Subscribers,1023 Videos,33.4M Total Views,Latest Video: Jul 28 2022
Mohammed Hajar ŸÖÿ≠ÔøΩ...,Travel & Events,http://www.youtube.com/channel/UCYsApUBp3ULeLgmk1UAxlSg,73.0K Subscribers,883 Videos,11.0M Total Views,Latest Video: Jul 28 2022
NANA K 24.7,Film and Animation,http://www.youtube.com/channel/UCZi4i4QMc9cJMnWfm4E_JYw,84.7K Subscribers,490 Videos,3.38M Total Views,Latest Video: Jul 28 2022
Rapha Pinheiro,Entertainment,http://www.youtube.com/channel/UCyRJv_q5RTWF6MT49YG_PhA,24.8K Subscribers,1094 Videos,1.84M Total Views,Latest Video: Jul 28 2022
Driven CH,People & Blogs,http://www.youtube.com/channel/UCZ5GpmBJsbuweiVZAHIr7ew,42.6K Subscribers,681 Videos,3.74M Total Views,Latest Video: Jul 28 2022
RODRIGO SEPULVEDA #S...,Sports,http://www.youtube.com/channel/UCz4j4-qucvhcmh9Vafo6Hyg,128K Subscribers,808 Videos,11.8M Total Views,Latest Video: Jul 28 2022
Tackle Trading,Entertainment,http://www.youtube.com/channel/UCmUs7CmNFAr7gE6wP7ktVjw,22.7K Subscribers,2546 Videos,2.58M Total Views,Latest Video: Jul 28 2022
Tor√≥ T√°tico,Entertainment,http://www.youtube.com/channel/UCn37JH_JWRE259fwPMf_-Pg,13.8K Subscribers,743 Videos,1.69M Total Views,Latest Video: Jul 28 2022
YoChicago,Travel & Events,http://www.youtube.com/channel/UCzS1LsjeAAxQliZVtpp7tPQ,19.0K Subscribers,5042 Videos,14.8M Total Views,Latest Video: Jul 28 2022
editorji,Entertainment,http://www.youtube.com/channel/UCyri-PL3l4Dn9IooWXQAqfA,135K Subscribers,28854 Videos,31.9M Total Views,Latest Video: Jul 28 2022
Chava Tarin,Science & Technology,http://www.youtube.com/channel/UCmjQnuJwV0FkjdEyi3099RA,87.7K Subscribers,877 Videos,14.1M Total Views,Latest Video: Jul 28 2022
Ovotz,Gaming,http://www.youtube.com/channel/UCHScWumCuRerhGwPKhE87Kw,91.8K Subscribers,289 Videos,12.0M Total Views,Latest Video: Jul 28 2022
Gettaroboshinwun,Film and Animation,http://www.youtube.com/channel/UCzS0GQMkVR6qpfKduwrHftA,20.4K Subscribers,2775 Videos,397K Total Views,Latest Video: Jul 28 2022
SPORTPUBLIC TV,Sports,http://www.youtube.com/channel/UC6DBX23fpe9BLLhGFTY9sxw,12.0K Subscribers,876 Videos,2.27M Total Views,Latest Video: Jul 28 2022
RockieFresh,Music,http://www.youtube.com/channel/UCY32rZoZ28moSDN9c74KJtQ,51.3K Subscribers,125 Videos,18.8M Total Views,Latest Video: Jul 28 2022
Mia Finney,Entertainment,http://www.youtube.com/channel/UCZS9TRylxmUAjuXMYNY6VaA,512K Subscribers,270 Videos,112M Total Views,Latest Video: Jul 28 2022
Roberto Kodama,People & Blogs,http://www.youtube.com/channel/UCxQr4PuG4QKr_VohkGCYe6w,29.6K Subscribers,1906 Videos,2.32M Total Views,Latest Video: Jul 28 2022
Wender Enrique SIN F...,News & Politics,http://www.youtube.com/channel/UCmj3I3bDnSHpfClzXz5H5sA,41.6K Subscribers,1176 Videos,3.43M Total Views,Latest Video: Jul 28 2022
Marcelo Azeredo - Im...,People & Blogs,http://www.youtube.com/channel/UCmWmkjw8fKMFwmth3zITU0A,24.7K Subscribers,353 Videos,4.13M Total Views,Latest Video: Jul 28 2022
cruzdorada,Gaming,http://www.youtube.com/channel/UCRPTPNI-OKMRysZn-17cvZQ,72.3K Subscribers,1108 Videos,12.3M Total Views,Latest Video: Jul 28 2022
HAGZ,Entertainment,http://www.youtube.com/channel/UCmWri1MQSjQQRk_NtC4kBNw,1.17M Subscribers,522 Videos,105M Total Views,Latest Video: Jul 28 2022
MetaxTech,People & Blogs,http://www.youtube.com/channel/UC5BoTemTtXtda_BJa1p9d2A,58.3K Subscribers,624 Videos,49.5M Total Views,Latest Video: Jul 28 2022
Harun's Vlog,People & Blogs,http://www.youtube.com/channel/UCyHKsRnmURYNnQJB34zzmkQ,60.7K Subscribers,43 Videos,44.7K Total Views,Latest Video: Jul 28 2022
Therealssm,Film and Animation,http://www.youtube.com/channel/UCzRkDnN8yHSnuK-hg3ah4BQ,13.0K Subscribers,68 Videos,1.07M Total Views,Latest Video: Jul 28 2022
Voa Lakay,News & Politics,http://www.youtube.com/channel/UCyS9E-RV0_G8Jl3sOz3lrzQ,286K Subscribers,3033 Videos,47.6M Total Views,Latest Video: Jul 28 2022
Katia Nabil,Entertainment,http://www.youtube.com/channel/UCyIE18PSCKxomVDaJ0lEGFw,1.26M Subscribers,378 Videos,127M Total Views,Latest Video: Jul 28 2022
MsDreamcakes,Entertainment,http://www.youtube.com/channel/UCyrqB2lngM75llqJ-ggyxxg,42.0K Subscribers,831 Videos,7.30M Total Views,Latest Video: Jul 28 2022
RICtv Maring√°,Entertainment,http://www.youtube.com/channel/UClG5ECaZCBQCzCpSqI7hWUA,166K Subscribers,11573 Videos,29.3M Total Views,Latest Video: Jul 28 2022
ComfySunday,Gaming,http://www.youtube.com/channel/UClz9KVVSoPNP5_BO-eyFQ7w,459K Subscribers,539 Videos,67.9M Total Views,Latest Video: Jul 28 2022
Road to Saiyan,Entertainment,http://www.youtube.com/channel/UCY3jX6Ug0E1yVRYC4X4inRg,327K Subscribers,389 Videos,67.6M Total Views,Latest Video: Jul 28 2022
Televisi√≥n de Galic...,Education,http://www.youtube.com/channel/UCz46p3cffUXUSGUtcnw_Ouw,82.0K Subscribers,7112 Videos,50.6M Total Views,Latest Video: Jul 28 2022
Paula Cardozo,People & Blogs,http://www.youtube.com/channel/UCYSVZUMVWVR5FrI7scHWn4Q,33.6K Subscribers,404 Videos,3.50M Total Views,Latest Video: Jul 28 2022
Jozeph Paul Zhang,Entertainment,http://www.youtube.com/channel/UCYSXkKFCg25n9f5AUC4I2mA,111K Subscribers,1658 Videos,25.2M Total Views,Latest Video: Jul 28 2022
Da Cupule,Music,http://www.youtube.com/channel/UCLzGf2j-I0hTtMQW6-qxFHA,18.2K Subscribers,518 Videos,7.90M Total Views,Latest Video: Jul 28 2022
Diego Arrabal Papara...,People & Blogs,http://www.youtube.com/channel/UClF4mtU2mNmrlBRnmwLZw5g,76.1K Subscribers,230 Videos,13.0M Total Views,Latest Video: Jul 28 2022
Alicia Soltero Medio...,People & Blogs,http://www.youtube.com/channel/UCmUt3ckvcv4IjmN7jeCCVWg,188K Subscribers,925 Videos,15.4M Total Views,Latest Video: Jul 28 2022
Di Muzio Componentes...,People & Blogs,http://www.youtube.com/channel/UCysOGA5FKfaN7oy2OvQcvGQ,13.3K Subscribers,112 Videos,1.36M Total Views,Latest Video: Jul 28 2022
immobilier Tanger,People & Blogs,http://www.youtube.com/channel/UCLFuntqDmoQL9zz9nHB8qgw,98.8K Subscribers,1563 Videos,13.3M Total Views,Latest Video: Jul 28 2022
Renata Gomes Todos p...,People & Blogs,http://www.youtube.com/channel/UCLOrbqtWzBaebEEU5zhIFuQ,35.3K Subscribers,309 Videos,1.54M Total Views,Latest Video: Jul 28 2022
Viralbollywood,Entertainment,http://www.youtube.com/channel/UCZT_OWY9abyO3V9Rmdvh02w,5.27M Subscribers,32771 Videos,2.6B Total Views,Latest Video: Jul 28 2022
–¢–≤–æ—Ä–µ—Ü –ñ–∏–∑ÔøΩ...,People & Blogs,http://www.youtube.com/channel/UCzSYXYdfJmYhIYR1QIxaHUA,22.6K Subscribers,97 Videos,5.55M Total Views,Latest Video: Jul 28 2022
Siam108,Entertainment,http://www.youtube.com/channel/UCmJw5r4fTkCxf-ndHV4BXwA,35.9K Subscribers,2304 Videos,14.4M Total Views,Latest Video: Jul 28 2022
Paulo Fagoto,Science & Technology,http://www.youtube.com/channel/UCmIBFR7QBpCkrvYc9XqlaVQ,31.8K Subscribers,783 Videos,6.23M Total Views,Latest Video: Jul 28 2022
Jannah TV,Howto & Style,http://www.youtube.com/channel/UCXRzFX6X1qk8p-xL1TeX-Vg,323K Subscribers,477 Videos,27.0M Total Views,Latest Video: Jul 28 2022
–ò–Ω–≤–µ—Å—Ç–∏—Ü–∏–∏...,Education,http://www.youtube.com/channel/UClpbhhHmyCxtXiDsD3QhzCg,81.8K Subscribers,1157 Videos,18.2M Total Views,Latest Video: Jul 28 2022
RamanOgraphy,Film and Animation,http://www.youtube.com/channel/UCLF7ITqhCLwb9ZkZpyvyoUQ,16.9K Subscribers,155 Videos,1.26M Total Views,Latest Video: Jul 28 2022
AmericanAthleticConf...,Sports,http://www.youtube.com/channel/UCL0lloeftexqjO8DXVMkOkA,16.5K Subscribers,5715 Videos,11.8M Total Views,Latest Video: Jul 28 2022
Jeff Koinange,Entertainment,http://www.youtube.com/channel/UCz6bDe_mixAq2Z3evEPSYyg,50.4K Subscribers,541 Videos,3.94M Total Views,Latest Video: Jul 28 2022
PODGREEN - Guilherme...,People & Blogs,http://www.youtube.com/channel/UCZ0VeEQhJiEKt_kMvnldCHw,213K Subscribers,908 Videos,11.0M Total Views,Latest Video: Jul 28 2022
Popcuriou,Entertainment,http://www.youtube.com/channel/UCq3gK_TrEktyJWvhgBhnZhg,143K Subscribers,93 Videos,16.9M Total Views,Latest Video: Jul 28 2022
iG,Entertainment,http://www.youtube.com/channel/UCMi0ljq-4dXoQO0fxmL4ngA,396K Subscribers,3020 Videos,242M Total Views,Latest Video: Jul 28 2022
◊ú◊©◊õ◊™ ◊î◊®◊ë ◊©◊û...,Education,http://www.youtube.com/channel/UCl1JXo-MwQD1gf9pTyAVy4A,17.3K Subscribers,3716 Videos,4.97M Total Views,Latest Video: Jul 28 2022
Swift Media KE,People & Blogs,http://www.youtube.com/channel/UCMjvQwP_zCGmKp92oMASeHA,107K Subscribers,2906 Videos,11.5M Total Views,Latest Video: Jul 28 2022
‰∫∫Áîü „Å§„Åø„ÅìJins...,Gaming,http://www.youtube.com/channel/UCZszUCQMhWNVMxp6CSoyWoA,40.9K Subscribers,1086 Videos,4.58M Total Views,Latest Video: Jul 28 2022
TeleSUR English,News & Politics,http://www.youtube.com/channel/UCmuTmpLY35O3csvhyA6vrkg,191K Subscribers,50452 Videos,50.8M Total Views,Latest Video: Jul 28 2022
HeirOfGlee,Howto & Style,http://www.youtube.com/channel/UC08bBCjyBiWiyLnrXXJy4sw,11.1K Subscribers,461 Videos,1.82M Total Views,Latest Video: Jul 28 2022
unique dhaval khatri...,Howto & Style,http://www.youtube.com/channel/UCmJTokLq6Svh3Mz0_VVjHEA,11.3K Subscribers,309 Videos,1.19M Total Views,Latest Video: Jul 28 2022
98 Live,Sports,http://www.youtube.com/channel/UClF866E2u34LioEzDppZj9g,220K Subscribers,5210 Videos,46.5M Total Views,Latest Video: Jul 28 2022
PELAS VIAS DO CARIRI...,Pets & Animals,http://www.youtube.com/channel/UClG0yi8VeV2fTyM5Qr-KfaQ,16.8K Subscribers,1427 Videos,2.38M Total Views,Latest Video: Jul 28 2022
Real Club Deportivo ...,Sports,http://www.youtube.com/channel/UCY2s1XaPzO60Hu6M_YZCTgA,36.5K Subscribers,4302 Videos,11.2M Total Views,Latest Video: Jul 28 2022
KETK NBC,News & Politics,http://www.youtube.com/channel/UCKQo5ORhXZTs48SPk8tcAeQ,73.1K Subscribers,23537 Videos,50.7M Total Views,Latest Video: Jul 28 2022
MNB Gaming,Gaming,http://www.youtube.com/channel/UCOJvB8dL5_QxFb2nSyZ1vwg,17.0K Subscribers,116 Videos,774K Total Views,Latest Video: Jul 28 2022
Snaps e Tal,Entertainment,http://www.youtube.com/channel/UCn49nPUfA3mymhiuGf3vx6w,413K Subscribers,4247 Videos,142M Total Views,Latest Video: Jul 28 2022
GizChina Italia,Science & Technology,http://www.youtube.com/channel/UCK3apxzVTvP5BIcKSBWMaHA,111K Subscribers,3412 Videos,27.2M Total Views,Latest Video: Jul 28 2022
PlanetaSportTV ,Sports,http://www.youtube.com/channel/UCzSmvW5yqkHeLP-hVA1oWuA,96.9K Subscribers,239 Videos,14.0M Total Views,Latest Video: Jul 28 2022
Channel Ngh√™ L·ªØ,News & Politics,http://www.youtube.com/channel/UClZRTP_YLsqJjvnhCZnkFLQ,93.2K Subscribers,3602 Videos,26.6M Total Views,Latest Video: Jul 28 2022
Forbidden Frequencie...,Music,http://www.youtube.com/channel/UCk4buXvqVTaq88x6fKs2geg,15.6K Subscribers,1518 Videos,3.56M Total Views,Latest Video: Jul 28 2022
The New York Racing ...,People & Blogs,http://www.youtube.com/channel/UCxRmRUB3kX-X-_9YsNFhq3g,100K Subscribers,8492 Videos,61.5M Total Views,Latest Video: Jul 28 2022
,Nonprofits & Activism,http://www.youtube.com/channel/UCWKQkyAHDhVlsMHshxaD6Xw,0 Subscribers,1 Video,0 Total Views,Latest Video: Jul 28 2022
Adam Does Movies,Entertainment,http://www.youtube.com/channel/UCmuP70--NYoqgyo3N0ZwDCA,66.0K Subscribers,821 Videos,19.0M Total Views,Latest Video: Jul 28 2022
Pierre Marascia,Film and Animation,http://www.youtube.com/channel/UCL0o8QkzWMJf6hHPchP9Nhg,35.4K Subscribers,133 Videos,20.0M Total Views,Latest Video: Jul 28 2022
Target Study IQ,Education,http://www.youtube.com/channel/UCMIHTu6zGPzPIwaSeV1ddPA,1.74M Subscribers,2757 Videos,95.1M Total Views,Latest Video: Jul 28 2022
GODLIKE,Gaming,http://www.youtube.com/channel/UC-BI0KdOpIOBkgp6YQb4E6g,55.1K Subscribers,331 Videos,2.56M Total Views,Latest Video: Jul 28 2022
Giancarlo Novias,Howto & Style,http://www.youtube.com/channel/UCKGm5nnS6Pw59MXfMzQxYAw,19.8K Subscribers,924 Videos,12.6M Total Views,Latest Video: Jul 28 2022
 Oddly Satisfying,Education,http://www.youtube.com/channel/UCkGn3k7mRSTu3CmqafPg4qg,42.7K Subscribers,5213 Videos,1.16M Total Views,Latest Video: Jul 28 2022
Rolnik Szuka,People & Blogs,http://www.youtube.com/channel/UClZfqY4myiEVXRWN3cjzbUw,78.6K Subscribers,263 Videos,27.1M Total Views,Latest Video: Jul 28 2022
Thomas J. Ashwell,Gaming,http://www.youtube.com/channel/UCk3x7ZwCXJmpKuFDU9jeMQw,13.8K Subscribers,4252 Videos,10.0M Total Views,Latest Video: Jul 28 2022
ŸÖÿßÿ¨ÿØ Ÿäÿ≠ŸäŸâ - ...,News & Politics,http://www.youtube.com/channel/UCqbgTZMn_wvNrVjxMpATeRg,222K Subscribers,669 Videos,17.5M Total Views,Latest Video: Jul 28 2022
The Chi on SHOWTIME,Entertainment,http://www.youtube.com/channel/UCROVDa0nis0Q9dWYBGn5pLw,137K Subscribers,211 Videos,21.9M Total Views,Latest Video: Jul 28 2022
Omar Ashraf ÿπŸÖÿ± ÔøΩ...,People & Blogs,http://www.youtube.com/channel/UCXRR3h9UIaOS5-deY2gYFBQ,154K Subscribers,92 Videos,5.21M Total Views,Latest Video: Jul 28 2022
FoodLoaf,People & Blogs,http://www.youtube.com/channel/UCzRKtglZ93gQ0OtQHXIOtnA,21.1K Subscribers,2911 Videos,10.3M Total Views,Latest Video: Jul 28 2022
WiSH Outdoor,Travel & Events,http://www.youtube.com/channel/UCkq4AyoIR2QSYBzwfu9Luiw,18.6K Subscribers,136 Videos,5.54M Total Views,Latest Video: Jul 28 2022
AlphaTradingCardGame...,Gaming,http://www.youtube.com/channel/UCLzrEwah3nPhM3cFfqZ1nqA,14.3K Subscribers,589 Videos,2.92M Total Views,Latest Video: Jul 28 2022
badischezeitung,Entertainment,http://www.youtube.com/channel/UCz5CTiXxVP2SDfCNGTK_MSw,20.2K Subscribers,3263 Videos,30.0M Total Views,Latest Video: Jul 28 2022
Anto Show,Gaming,http://www.youtube.com/channel/UCKGUhazzrhMdyvfoHslmCfg,28.9K Subscribers,2601 Videos,11.1M Total Views,Latest Video: Jul 28 2022
EDART LV,Autos & Vehicles,http://www.youtube.com/channel/UCz1BjjouuxFJYtalxizjhgw,38.0K Subscribers,167 Videos,10.3M Total Views,Latest Video: Jul 28 2022
FLUXO CLIPES,Gaming,http://www.youtube.com/channel/UCzCiuXknTQmSPsTXskGWp0Q,19.4K Subscribers,658 Videos,2.67M Total Views,Latest Video: Jul 28 2022
lex will,People & Blogs,http://www.youtube.com/channel/UCKfVa3S1e4PHvxWcwyMMg8w,19.3K Subscribers,1266 Videos,4.07M Total Views,Latest Video: Jul 28 2022
Nakhaj I ŸÜÿÆŸíÿ¨,People & Blogs,http://www.youtube.com/channel/UCySN_biwLFZgq_ZzZGfiWAA,18.7K Subscribers,111 Videos,1.63M Total Views,Latest Video: Jul 28 2022
caplag,Gaming,http://www.youtube.com/channel/UCXrs7DLP0GCrqVF3fLqydZQ,10.9K Subscribers,108 Videos,8.23M Total Views,Latest Video: Jul 28 2022
Amond –ñ–∏–∑–Ω—å –≤ ...,People & Blogs,http://www.youtube.com/channel/UCySsRm1RciozdkLfkMK1UcQ,21.3K Subscribers,544 Videos,2.29M Total Views,Latest Video: Jul 28 2022
L00FUL YT,Gaming,http://www.youtube.com/channel/UCzi8sQ5LWeznutTVjAuSFMw,130K Subscribers,411 Videos,3.20M Total Views,Latest Video: Jul 28 2022
League of Legends: W...,Gaming,http://www.youtube.com/channel/UCZryWLpEaW1T40CWjiYIXAQ,118K Subscribers,294 Videos,9.82M Total Views,Latest Video: Jul 28 2022
ÿ¨ŸàÿßŸáÿ± ÿπÿØŸÜÿßÔøΩ...,People & Blogs,http://www.youtube.com/channel/UCYIdRc1I_jl0ZVYr4gnm_BA,45.8K Subscribers,4076 Videos,8.07M Total Views,Latest Video: Jul 28 2022
Netflix Nederland & ...,Entertainment,http://www.youtube.com/channel/UCLpLPhObMNbVBdSGf8XDIxQ,126K Subscribers,2715 Videos,38.5M Total Views,Latest Video: Jul 28 2022
–°–ö–û–ë–ê–†–ò RALLY...,Sports,http://www.youtube.com/channel/UCJkCk-sfM8-WMZll1yu3_BA,14.9K Subscribers,289 Videos,3.79M Total Views,Latest Video: Jul 28 2022
EU COMPARTILHO JESUS...,People & Blogs,http://www.youtube.com/channel/UClzLy4YYuhMmN1jFP5sXgng,15.8K Subscribers,981 Videos,1.55M Total Views,Latest Video: Jul 28 2022
Radio La Clave,News & Politics,http://www.youtube.com/channel/UCKGi2oU9Eoa5dJAIE7K60gA,95.0K Subscribers,27988 Videos,38.6M Total Views,Latest Video: Jul 28 2022
Eco Tv Panama,News & Politics,http://www.youtube.com/channel/UCxRe7S1jh5j73maMfrJmDFg,27.5K Subscribers,12088 Videos,9.00M Total Views,Latest Video: Jul 28 2022
Wanderley Correa,Sports,http://www.youtube.com/channel/UCZHTYUWGj3kSSUO_JNZGUOw,48.0K Subscribers,2620 Videos,13.3M Total Views,Latest Video: Jul 28 2022
ELƒ∞SLERƒ∞ VE P√úF N...,Howto & Style,http://www.youtube.com/channel/UCZsa68_OvoZc7sD1v2q4UgQ,26.6K Subscribers,156 Videos,4.03M Total Views,Latest Video: Jul 28 2022
Aja Dang,People & Blogs,http://www.youtube.com/channel/UCmiE7g4J3QXBwPUybbRdioQ,488K Subscribers,628 Videos,52.4M Total Views,Latest Video: Jul 28 2022
Sun Music,Entertainment,http://www.youtube.com/channel/UCLpTl1OxHZnEOJj8gjAycdw,429K Subscribers,1195 Videos,85.3M Total Views,Latest Video: Jul 28 2022
Levi Clay,Education,http://www.youtube.com/channel/UCySQog_SBfX4-CnR2hWVBOQ,46.4K Subscribers,1080 Videos,6.37M Total Views,Latest Video: Jul 28 2022
CINEMA KITA pictures...,Comedy,http://www.youtube.com/channel/UCRQCYi5_HfqgkJfJBSjEwhw,82.2K Subscribers,4 Videos,234 Total Views,Latest Video: Jul 28 2022
Noticiero Noti5,News & Politics,http://www.youtube.com/channel/UCzrjW-7KGUVIjVMRKyjSFaQ,56.7K Subscribers,29830 Videos,20.7M Total Views,Latest Video: Jul 28 2022
absent abroad,Travel & Events,http://www.youtube.com/channel/UCYrYbSt5ueMc-5N3VaDvHiA,23.8K Subscribers,60 Videos,1.36M Total Views,Latest Video: Jul 28 2022
v1battle,Entertainment,http://www.youtube.com/channel/UCJJOPBQ9KITlzGyxwWxgswg,115K Subscribers,660 Videos,17.7M Total Views,Latest Video: Jul 28 2022
Smart News India,News & Politics,http://www.youtube.com/channel/UCL0u0hPGwtrYuaN32srncwg,275K Subscribers,5479 Videos,61.2M Total Views,Latest Video: Jul 28 2022
Anandji Educator,Education,http://www.youtube.com/channel/UCLzG2wrP35TTYQTJSjTqvYw,63.3K Subscribers,746 Videos,4.14M Total Views,Latest Video: Jul 28 2022
Lu√≠s Kalil,People & Blogs,http://www.youtube.com/channel/UCkGs--nyC0VFaljBRZEXyJA,23.7K Subscribers,268 Videos,2.24M Total Views,Latest Video: Jul 28 2022
Mr.BaHbKa123,Gaming,http://www.youtube.com/channel/UCMITiiPpwbJG_pgX1jrHqQQ,13.3K Subscribers,3507 Videos,3.87M Total Views,Latest Video: Jul 28 2022
Mario Esquivel,Entertainment,http://www.youtube.com/channel/UCZIbqKJUGm1bRY5e_t82N9Q,123K Subscribers,240 Videos,3.84M Total Views,Latest Video: Jul 28 2022
Funk 24 horas,Music,http://www.youtube.com/channel/UCySCGQoxR9N0rKGO1FQz6XA,131K Subscribers,569 Videos,10.0M Total Views,Latest Video: Jul 28 2022
–°–∞—Ä–∞—Ç–æ–≤ 24,People & Blogs,http://www.youtube.com/channel/UCMi84VlV7M5KfHzua00o_-w,51.3K Subscribers,18316 Videos,27.3M Total Views,Latest Video: Jul 28 2022
DevmentorLive,Education,http://www.youtube.com/channel/UCx4a8EMmXx-6RuJlyAKASoQ,14.1K Subscribers,10 Videos,213K Total Views,Latest Video: Jul 28 2022
Doƒüanay Vural,Pets & Animals,http://www.youtube.com/channel/UCZ1Ai-Mxa4IxFqsdbs71KQA,119K Subscribers,126 Videos,8.14M Total Views,Latest Video: Jul 28 2022
EssexCricketTV,Sports,http://www.youtube.com/channel/UCL0ebrj8ISVXWikxxtjRlsA,49.0K Subscribers,1571 Videos,9.27M Total Views,Latest Video: Jul 28 2022
Panipurimedia,People & Blogs,http://www.youtube.com/channel/UCJzsASBii5WNWtUXrwfMi1Q,22.3K Subscribers,505 Videos,9.60M Total Views,Latest Video: Jul 28 2022
Maskharian,Entertainment,http://www.youtube.com/channel/UCy2KH93eQod1rapUq8Y4KYw,127K Subscribers,973 Videos,17.3M Total Views,Latest Video: Jul 28 2022
Mehmet √áakƒ±r,Gaming,http://www.youtube.com/channel/UCy3BcWkB34DFZp2c1UdmR-A,98.5K Subscribers,878 Videos,17.3M Total Views,Latest Video: Jul 28 2022
Rock Daniel,Gaming,http://www.youtube.com/channel/UCOw25aXYmwu_-kqMjkyVW_Q,149K Subscribers,74 Videos,19.4M Total Views,Latest Video: Jul 28 2022
Rypta33 Gaming,Gaming,http://www.youtube.com/channel/UCZrXFacxKQqidEeRLi3IjeA,21.1K Subscribers,390 Videos,1.02M Total Views,Latest Video: Jul 28 2022
AHK TIPS,Education,http://www.youtube.com/channel/UCL16GwkxPq9p0PW_YVRFchA,23.0K Subscribers,757 Videos,1.71M Total Views,Latest Video: Jul 28 2022
Mike Rowe,Entertainment,http://www.youtube.com/channel/UCKQGbLqpXP7f074dydjZrEg,212K Subscribers,345 Videos,12.7M Total Views,Latest Video: Jul 28 2022
Isosceles,Gaming,http://www.youtube.com/channel/UCu9kvBOJM1nWTXP4ULz41ZA,75.9K Subscribers,289 Videos,18.9M Total Views,Latest Video: Jul 28 2022
HQzasso,Entertainment,http://www.youtube.com/channel/UCLZjaYeV9spZnk69fJ5GC5Q,28.8K Subscribers,1182 Videos,4.08M Total Views,Latest Video: Jul 28 2022
Shark R,Gaming,http://www.youtube.com/channel/UCloTNisK3zUY__mIAYaOA3A,54.2K Subscribers,3699 Videos,23.0M Total Views,Latest Video: Jul 28 2022
CURIOSITY,People & Blogs,http://www.youtube.com/channel/UCILCcV5zE4P2TObAwunMMEQ,73.0K Subscribers,349 Videos,26.3M Total Views,Latest Video: Jul 28 2022
Avid Latinoam√©rica,Science & Technology,http://www.youtube.com/channel/UCY3T3Mvs9xVs94NPeIRB0sQ,13.4K Subscribers,486 Videos,1.32M Total Views,Latest Video: Jul 28 2022
Sara Bella TV,People & Blogs,http://www.youtube.com/channel/UClf1cMAaMvIkUJgn7TAdp8w,26.4K Subscribers,155 Videos,1.66M Total Views,Latest Video: Jul 28 2022
Courtney-Jai,People & Blogs,http://www.youtube.com/channel/UCy2xH40m75qpAoQb7unJTRw,49.9K Subscribers,215 Videos,4.81M Total Views,Latest Video: Jul 28 2022
Nanda Bonda,Gaming,http://www.youtube.com/channel/UCxrWiyWoACtqs_9xEhpEPow,265K Subscribers,1413 Videos,72.0M Total Views,Latest Video: Jul 28 2022
ŸÖÿ∑ÿ®ÿÆ Ÿà ŸäŸàŸÖŸä...,People & Blogs,http://www.youtube.com/channel/UCrmHEO_JP5l2NEkMv23w2Ng,145K Subscribers,496 Videos,7.86M Total Views,Latest Video: Jul 28 2022
Solo Valientes,News & Politics,http://www.youtube.com/channel/UCmVUZFjHNTrkQiImJfxG87Q,29.7K Subscribers,26 Videos,1.16M Total Views,Latest Video: Jul 28 2022
Lora O'Brien,Education,http://www.youtube.com/channel/UCMwf9Mkk6Kfs9RR6wwWCp1Q,25.3K Subscribers,371 Videos,955K Total Views,Latest Video: Jul 28 2022
–Ø–ù–ì–ï–†,People & Blogs,http://www.youtube.com/channel/UCn4sb2Qe4u9c9FV2zVWDdKQ,541K Subscribers,113 Videos,17.8M Total Views,Latest Video: Jul 28 2022
Clint Wulf - The Mob...,Gaming,http://www.youtube.com/channel/UCIlLJgbOOrR3FDdAC7hes-A,28.6K Subscribers,87 Videos,695K Total Views,Latest Video: Jul 28 2022
–î–Ω–µ–≤–Ω–∏–∫ –º–∞ÔøΩ...,People & Blogs,http://www.youtube.com/channel/UCk5dTBW2YoH1W0zLkfj26OQ,24.3K Subscribers,1293 Videos,3.69M Total Views,Latest Video: Jul 28 2022
„Å™„Çì„Åß„ÇÑ„Å≠„ÇìÔøΩ...,Sports,http://www.youtube.com/channel/UCK3U0bFvIGnlTVhvO16OVwA,12.7K Subscribers,2908 Videos,14.6M Total Views,Latest Video: Jul 28 2022
ùêéùêãùêÄ ùêåÔøΩ...,Music,http://www.youtube.com/channel/UCIv7w24HjFWeKOukQjLTUkQ,25.4K Subscribers,707 Videos,4.61M Total Views,Latest Video: Jul 28 2022
Lucas Leonardo Lucky...,Entertainment,http://www.youtube.com/channel/UCJ4Yo1gqi-2hyOO29WQAkhg,10.5K Subscribers,64 Videos,20.1K Total Views,Latest Video: Jul 28 2022
Hero King / ÿßŸÑŸÖŸÑ...,Gaming,http://www.youtube.com/channel/UCKrJkKb3Tnh4blrLMhgPH_A,120K Subscribers,116 Videos,8.33M Total Views,Latest Video: Jul 28 2022
LaytonSportsCards,Sports,http://www.youtube.com/channel/UCJ9v1a6TH9iN1Gl5TqEvzRw,54.6K Subscribers,65494 Videos,27.1M Total Views,Latest Video: Jul 28 2022
Rƒ±za G√úNAY,Nonprofits & Activism,http://www.youtube.com/channel/UCzi2v76OA1th_ke5zZICGCw,24.6K Subscribers,1245 Videos,5.12M Total Views,Latest Video: Jul 28 2022
CoviTeVe Coovilros,People & Blogs,http://www.youtube.com/channel/UCkq4DJeGgeHIdYk4husxNtg,44.6K Subscribers,13289 Videos,9.61M Total Views,Latest Video: Jul 28 2022
GrowTube TV,Gaming,http://www.youtube.com/channel/UCKGcx76Vdb7jf92QWuxuLug,18.1K Subscribers,4704 Videos,14.2M Total Views,Latest Video: Jul 28 2022
Synapses,News & Politics,http://www.youtube.com/channel/UCXrGe_bC6X1RA5Zd8SNkugg,66.8K Subscribers,877 Videos,12.4M Total Views,Latest Video: Jul 28 2022
Sirin Tribe,Howto & Style,http://www.youtube.com/channel/UCMw-Ff4qs4jou_JDl7ZlvLg,13.3K Subscribers,838 Videos,2.79M Total Views,Latest Video: Jul 28 2022
The Real Hustle,Entertainment,http://www.youtube.com/channel/UCyRrxDbRD8OKEvVDwx3JvsQ,239K Subscribers,539 Videos,73.1M Total Views,Latest Video: Jul 28 2022
Helena Garc√≠a,People & Blogs,http://www.youtube.com/channel/UCJ7utBdDN24xKV5TbTroeqA,46.0K Subscribers,381 Videos,7.61M Total Views,Latest Video: Jul 28 2022
Limon Tv,Film and Animation,http://www.youtube.com/channel/UCkPZZwAYA0urzrLhoZKlpSA,695K Subscribers,3595 Videos,310M Total Views,Latest Video: Jul 28 2022
Sebastian Ghiorghiu,Education,http://www.youtube.com/channel/UCZ59iKBmGRfQlnl73sOX0Lw,462K Subscribers,126 Videos,17.7M Total Views,Latest Video: Jul 28 2022
Hanan Channel,People & Blogs,http://www.youtube.com/channel/UCHy9GXs-htfYLSUx3BgXR2Q,208K Subscribers,1038 Videos,37.8M Total Views,Latest Video: Jul 28 2022
Barstool Outdoors,Pets & Animals,http://www.youtube.com/channel/UCiBStqXJXhJI9TZXMJ44_Ww,71.1K Subscribers,261 Videos,5.96M Total Views,Latest Video: Jul 28 2022
Premium Life,Howto & Style,http://www.youtube.com/channel/UCyHrW-NoLcXKj1j8OWSJgTA,21.8K Subscribers,232 Videos,6.51M Total Views,Latest Video: Jul 28 2022
Christa Kinder,Music,http://www.youtube.com/channel/UCKGDbfmLdJp8mXj9j1Gff5g,15.2K Subscribers,896 Videos,15.4M Total Views,Latest Video: Jul 28 2022
Slivan TV,Education,http://www.youtube.com/channel/UCOWvWDYX_nnSPQjI-a1hmoQ,58.3K Subscribers,833 Videos,47.1M Total Views,Latest Video: Jul 28 2022
Screensavers Store,Entertainment,http://www.youtube.com/channel/UCyhPM1Hg-NwC8Z7vvNbTncQ,27.0K Subscribers,129 Videos,1.15M Total Views,Latest Video: Jul 28 2022
Felix & Friends,News & Politics,http://www.youtube.com/channel/UCJtfma0mE_XrBAD9uakcjfA,38.2K Subscribers,1503 Videos,7.83M Total Views,Latest Video: Jul 28 2022
CONGO BOLOLO,News & Politics,http://www.youtube.com/channel/UCy4PPoICaiRlRpbXRqWO63g,28.5K Subscribers,589 Videos,5.01M Total Views,Latest Video: Jul 28 2022
Novedades television...,News & Politics,http://www.youtube.com/channel/UCJahVN36wyHMeBCzY0HKVhQ,57.3K Subscribers,5900 Videos,43.9M Total Views,Latest Video: Jul 28 2022
–õ–µ—Å—è –ó–∞–¥–æ—ÄÔøΩ...,People & Blogs,http://www.youtube.com/channel/UCjU0SGXAF3UapACqlFVYZMA,28.9K Subscribers,879 Videos,12.1M Total Views,Latest Video: Jul 28 2022
INFORME R.D.,Gaming,http://www.youtube.com/channel/UClz6X7v2hcQDqO1re114G5A,23.4K Subscribers,308 Videos,1.63M Total Views,Latest Video: Jul 28 2022
–°–ú–û–¢–†–ò–ú. –ó–æ...,Film and Animation,http://www.youtube.com/channel/UCOVlL3Oo72Sr6jLXA-Dvzag,849K Subscribers,1048 Videos,197M Total Views,Latest Video: Jul 28 2022
INFO-TAWJIH,Science & Technology,http://www.youtube.com/channel/UCjtJpZh7qSwjmwVuZPGWG_Q,123K Subscribers,849 Videos,10.0M Total Views,Latest Video: Jul 28 2022
Esh R,Howto & Style,http://www.youtube.com/channel/UCZ4ih1lp9noYOWJJVEsHYtA,76.3K Subscribers,931 Videos,4.40M Total Views,Latest Video: Jul 28 2022
–ë–ª–æ–≥ –°–µ–Ω—Ü–æÔøΩ...,Howto & Style,http://www.youtube.com/channel/UC7q2oE0YuKU67LHl14FRntA,32.2K Subscribers,496 Videos,4.27M Total Views,Latest Video: Jul 28 2022
ROBINHO BRASIL,Gaming,http://www.youtube.com/channel/UChyrw1M2sVH2jG7zCsNWq1w,20.6K Subscribers,1111 Videos,5.01M Total Views,Latest Video: Jul 28 2022
Creators Faire,Entertainment,http://www.youtube.com/channel/UCyHIAEDcoKK6TqY7BJSIDxA,35.2K Subscribers,1661 Videos,15.0M Total Views,Latest Video: Jul 28 2022
DeaDsSoN,Gaming,http://www.youtube.com/channel/UCyScFF0LsrWob6c9OCWJocA,22.8K Subscribers,1592 Videos,5.17M Total Views,Latest Video: Jul 28 2022
Epilog Laser,Science & Technology,http://www.youtube.com/channel/UCyiGuCTxEhUdHAI9tyfRnKA,29.4K Subscribers,152 Videos,10.4M Total Views,Latest Video: Jul 28 2022
Steve from Boston,Music,http://www.youtube.com/channel/UCkpZ07X-Q-6tesQjuezAwrA,78.6K Subscribers,683 Videos,20.2M Total Views,Latest Video: Jul 28 2022
Techniqued,Science & Technology,http://www.youtube.com/channel/UCju1iuBcl-Jb_di_KQ7CyRg,402K Subscribers,5043 Videos,152M Total Views,Latest Video: Jul 28 2022
Agust√≠n Muzzu,Sports,http://www.youtube.com/channel/UCz0rrWiG04BiDlypa6Smnww,56.8K Subscribers,941 Videos,13.1M Total Views,Latest Video: Jul 28 2022
–ê–≥—Ä–æ –ó–µ–º–ª–µÔøΩ...,People & Blogs,http://www.youtube.com/channel/UCz0pr9jp9gCush2DR41EBxA,34.3K Subscribers,892 Videos,9.32M Total Views,Latest Video: Jul 28 2022
MDL Music,Music,http://www.youtube.com/channel/UCyRyYV7Dxg5PJ0wiQ_yVJSg,26.7K Subscribers,26 Videos,373K Total Views,Latest Video: Jul 28 2022
Hakan Yoloƒülu,Entertainment,http://www.youtube.com/channel/UCmjyxgoVn04hNaHc3vPPDEQ,22.1K Subscribers,692 Videos,6.81M Total Views,Latest Video: Jul 28 2022
ŸàŸÅÿßÿ° ÿ®ŸäŸàÿ™Ÿä,News & Politics,http://www.youtube.com/channel/UCIC7sbV6NYAdJVrt-nM4Vfw,60.8K Subscribers,266 Videos,5.12M Total Views,Latest Video: Jul 28 2022
–°–∞—Ä–∞–Ω—á–∞,People & Blogs,http://www.youtube.com/channel/UCmupwEYamDoa7KBlbK65Lfw,226K Subscribers,2477 Videos,64.0M Total Views,Latest Video: Jul 28 2022
Cat√≥lica del Norte,Education,http://www.youtube.com/channel/UCz5B1CzjUA1hxJ9RD_VJTBQ,14.9K Subscribers,1267 Videos,1.71M Total Views,Latest Video: Jul 28 2022
SMSVO TELEVISION,People & Blogs,http://www.youtube.com/channel/UClzQAKtWRsLi6lmvwNNRyzQ,10.3K Subscribers,62 Videos,2.77M Total Views,Latest Video: Jul 28 2022
hacker go,Gaming,http://www.youtube.com/channel/UCK5e4NST3xZCc1B4n7oJHxw,24.2K Subscribers,951 Videos,778K Total Views,Latest Video: Jul 28 2022
Sir'Paak,Sports,http://www.youtube.com/channel/UCJKkEijJa6i4hoSZg0PIbfQ,246K Subscribers,270 Videos,1.06M Total Views,Latest Video: Jul 28 2022
Council on Foreign R...,Nonprofits & Activism,http://www.youtube.com/channel/UCL_A4jkwvKuMyToAPy3FQKQ,206K Subscribers,2940 Videos,41.2M Total Views,Latest Video: Jul 28 2022
D√ºz X…ôb…ôr,People & Blogs,http://www.youtube.com/channel/UCz67Y9FjhZEGKMkVYFheHTA,89.7K Subscribers,458 Videos,15.7M Total Views,Latest Video: Jul 28 2022
Manal Home,People & Blogs,http://www.youtube.com/channel/UCHOzk2xp1Nd2TD0txWQug6Q,117K Subscribers,769 Videos,7.42M Total Views,Latest Video: Jul 28 2022
JP Agrar,Autos & Vehicles,http://www.youtube.com/channel/UCy5dOyBC2EEZCa1i5Qrkwcg,30.1K Subscribers,63 Videos,3.64M Total Views,Latest Video: Jul 28 2022
BRCDEvg,Gaming,http://www.youtube.com/channel/UCz52C1ZeqTaOhM1FMRGMpzg,96.9K Subscribers,3688 Videos,65.6M Total Views,Latest Video: Jul 28 2022
Matt Kahn All For Lo...,People & Blogs,http://www.youtube.com/channel/UCHyGxx33FQ2cbZqPMh4hi_Q,177K Subscribers,182 Videos,21.0M Total Views,Latest Video: Jul 28 2022
Sassy Ranita Crafts,People & Blogs,http://www.youtube.com/channel/UCk3zMoNvRbdsDgqds3tQcoQ,28.5K Subscribers,610 Videos,1.41M Total Views,Latest Video: Jul 28 2022
Melody Lane,Howto & Style,http://www.youtube.com/channel/UCyIhUK6Ks8atsu6A5Yl5F3g,216K Subscribers,1973 Videos,20.6M Total Views,Latest Video: Jul 28 2022
CAJU E CASTANHA,Music,http://www.youtube.com/channel/UCRM9m3Set_Oy88TC3h-lZgg,70.2K Subscribers,262 Videos,10.8M Total Views,Latest Video: Jul 28 2022
TPA tennis,Sports,http://www.youtube.com/channel/UCxr1cQMWsMhVlqXLJo62OMg,21.0K Subscribers,151 Videos,4.36M Total Views,Latest Video: Jul 28 2022
Bilal √ñzcanTV,Entertainment,http://www.youtube.com/channel/UCHoVUBy27LPs2phC5BmuabA,38.8K Subscribers,1552 Videos,17.1M Total Views,Latest Video: Jul 28 2022
ÏãúÏïà ÌôÄÎç§TV,Film and Animation,http://www.youtube.com/channel/UCzriByE1DYtsm5D0TAYs3Cw,76.5K Subscribers,20 Videos,12.0K Total Views,Latest Video: Jul 28 2022
FREDD YT,Gaming,http://www.youtube.com/channel/UCK65CFjLbrx-9n6_idx7bHQ,31.2K Subscribers,134 Videos,291K Total Views,Latest Video: Jul 28 2022
Becca Hillburn- Comi...,Education,http://www.youtube.com/channel/UChPj7k2hfw4WmbXDvQc0eUA,16.3K Subscribers,2491 Videos,2.73M Total Views,Latest Video: Jul 28 2022
TheTrophyMuncher,Entertainment,http://www.youtube.com/channel/UCXS8sSbgFI3BnRx2bDvCGug,79.7K Subscribers,2999 Videos,45.1M Total Views,Latest Video: Jul 28 2022
Bad Yogi Yoga,People & Blogs,http://www.youtube.com/channel/UClPdPiXqxva6o6GU5m_NdJw,85.4K Subscribers,512 Videos,7.24M Total Views,Latest Video: Jul 28 2022
knowldge Factory,Education,http://www.youtube.com/channel/UCjkhOxy500BOy3KdM7QULgw,1.80M Subscribers,841 Videos,150M Total Views,Latest Video: Jul 28 2022
Vishnumaya,Entertainment,http://www.youtube.com/channel/UCiBvYLaTQuoXaaOpFwHdxtA,17.8K Subscribers,147 Videos,4.12M Total Views,Latest Video: Jul 28 2022
Leander Auditore,Entertainment,http://www.youtube.com/channel/UCzhzfLOR0cXVhd-fUjD1l8w,184K Subscribers,243 Videos,32.4M Total Views,Latest Video: Jul 28 2022
Transwest Truck Trai...,Autos & Vehicles,http://www.youtube.com/channel/UCh0U8XiEt7JyOG-TGJNIkPw,19.9K Subscribers,2741 Videos,7.16M Total Views,Latest Video: Jul 28 2022
by Zebza,Entertainment,http://www.youtube.com/channel/UCZSXad7GZV9MK7zGBkCiivw,27.7K Subscribers,195 Videos,1.83M Total Views,Latest Video: Jul 28 2022
ŸÅŸÉÿ± ÿßŸÑÿ¢ÿ®ÿßÿ°,Film and Animation,http://www.youtube.com/channel/UCk4Uw2NbGvNrg5ne3u1iqSQ,84.0K Subscribers,1933 Videos,13.2M Total Views,Latest Video: Jul 28 2022
TV Sudoeste,News & Politics,http://www.youtube.com/channel/UCY3Qng2neUukUoqEM-4Mn2g,42.3K Subscribers,8465 Videos,10.0M Total Views,Latest Video: Jul 28 2022
TemmyTales,Sports,http://www.youtube.com/channel/UCjTfanJ-1uRhwM1dtN3W83A,29.5K Subscribers,187 Videos,4.90M Total Views,Latest Video: Jul 28 2022
Tommy C's SFTP,Entertainment,http://www.youtube.com/channel/UCzsqJV6eaQPlmaXgmYaw9kw,47.2K Subscribers,2483 Videos,14.7M Total Views,Latest Video: Jul 28 2022
ingridgott,Pets & Animals,http://www.youtube.com/channel/UCbQ_GnmqPLip8n89K-DksHQ,48.3K Subscribers,360 Videos,34.5M Total Views,Latest Video: Jul 28 2022
GS Edit,Education,http://www.youtube.com/channel/UC19B5t6tTBUJaqqphdoV11g,30.9K Subscribers,113 Videos,1.17M Total Views,Latest Video: Jul 28 2022
Pronostics de Coucou...,Sports,http://www.youtube.com/channel/UCzSZK_YhcAYkWQPdiAB5o6Q,35.2K Subscribers,1057 Videos,10.2M Total Views,Latest Video: Jul 28 2022
Natalice Alves,People & Blogs,http://www.youtube.com/channel/UCz5PCn2ji2t2RUvdEZaqpwg,20.2K Subscribers,168 Videos,1.43M Total Views,Latest Video: Jul 28 2022
–•–æ–∫–∫–µ–π –ë–µ–ªÔøΩ...,Sports,http://www.youtube.com/channel/UCZ656FSO-sWqPnQfJOLlHhg,25.4K Subscribers,4062 Videos,10.0M Total Views,Latest Video: Jul 28 2022
ITZ KAKASHI,People & Blogs,http://www.youtube.com/channel/UCehSuRM_WcjPe5JsAdUieOQ,10.2K Subscribers,119 Videos,291K Total Views,Latest Video: Jul 28 2022
Adiyamanliyiyor,People & Blogs,http://www.youtube.com/channel/UCzSmD7-cmyEpqywWyxJDGJw,18.5K Subscribers,366 Videos,40.0M Total Views,Latest Video: Jul 28 2022
OPLOT,Gaming,http://www.youtube.com/channel/UCzsoekmUsZ700csauQSJpkQ,77.7K Subscribers,548 Videos,17.7M Total Views,Latest Video: Jul 28 2022
ÿßŸÑÿ≠Ÿäÿßÿ© ÿßŸÑÿ∑ÔøΩ...,Education,http://www.youtube.com/channel/UCUexEbGEiVsLyjJUmHgqPIA,41.9K Subscribers,700 Videos,4.29M Total Views,Latest Video: Jul 28 2022
N.V.I. NANAKSAR,Music,http://www.youtube.com/channel/UCyHgoJ3dqpQXYUQKZno8KhA,620K Subscribers,5659 Videos,126M Total Views,Latest Video: Jul 28 2022
Wanda Rolon,People & Blogs,http://www.youtube.com/channel/UCZHz2d1wOP6guwHip52D-ag,14.9K Subscribers,2228 Videos,1.62M Total Views,Latest Video: Jul 28 2022
Noticias RNN,News & Politics,http://www.youtube.com/channel/UCY2kOXEurb31Y1-JvOsizwQ,63.0K Subscribers,26184 Videos,12.9M Total Views,Latest Video: Jul 28 2022
TR1SS,Gaming,http://www.youtube.com/channel/UCy3LWGwMCunKc43KB8dT3_g,134K Subscribers,1334 Videos,13.8M Total Views,Latest Video: Jul 28 2022
ÿ≠⁄©€åŸÖ ÿ®ÿßÿ¥€å ha...,Howto & Style,http://www.youtube.com/channel/UCzRUQqG3x8q1G2mzNrFshjQ,67.0K Subscribers,678 Videos,12.2M Total Views,Latest Video: Jul 28 2022
Newfie Bangaa,Gaming,http://www.youtube.com/channel/UCXrnDkp0U_boa7GG6IpMMDw,29.8K Subscribers,13237 Videos,26.1M Total Views,Latest Video: Jul 28 2022
Nimja Hypnosis,Entertainment,http://www.youtube.com/channel/UCZJwVlZhnEIrHD0hyogRqsA,208K Subscribers,545 Videos,37.7M Total Views,Latest Video: Jul 28 2022
Topes de Gama Unplug...,People & Blogs,http://www.youtube.com/channel/UCYHdHadsTv4YYFk59GzU63Q,45.0K Subscribers,735 Videos,5.00M Total Views,Latest Video: Jul 28 2022
Comunidad Hosanna,Entertainment,http://www.youtube.com/channel/UCY4YcwH7Ik-3Ba8-pPJiwzA,21.4K Subscribers,2245 Videos,1.35M Total Views,Latest Video: Jul 28 2022
Keto Connect,People & Blogs,http://www.youtube.com/channel/UCzRYivTpUQ0r2qPPjfLoQiA,967K Subscribers,989 Videos,106M Total Views,Latest Video: Jul 28 2022
Lucas Famozinho,Music,http://www.youtube.com/channel/UClaNkv8oRZeQOErNOTtdHEw,62.4K Subscribers,574 Videos,10.4M Total Views,Latest Video: Jul 28 2022
Tina Le,Howto & Style,http://www.youtube.com/channel/UCyrqOUe1NpEVVLNwo1IgeOw,208K Subscribers,236 Videos,14.4M Total Views,Latest Video: Jul 28 2022
GAMERSX3,Gaming,http://www.youtube.com/channel/UCY4cYwfM0gib2flITh1ZsFQ,22.9K Subscribers,1684 Videos,2.18M Total Views,Latest Video: Jul 28 2022
Rossy Academia,Howto & Style,http://www.youtube.com/channel/UCxrISZEAymMTdxilutlDOjQ,72.0K Subscribers,158 Videos,2.93M Total Views,Latest Video: Jul 28 2022
Proeizis,Entertainment,http://www.youtube.com/channel/UCQZtExEkmZrS1EufzICJi5Q,33.8K Subscribers,19 Videos,3.73K Total Views,Latest Video: Jul 28 2022
≈ûiirli Dakikalar Se...,Film and Animation,http://www.youtube.com/channel/UCxrtNfAL4kuoeL_ZMjNLCuA,20.1K Subscribers,522 Videos,5.22M Total Views,Latest Video: Jul 28 2022
Jos√© Delgado TV,News & Politics,http://www.youtube.com/channel/UCY3VSBSo_3_jjLM2so7Momw,91.1K Subscribers,3583 Videos,23.5M Total Views,Latest Video: Jul 28 2022
Genial Investimentos...,Education,http://www.youtube.com/channel/UCYSOMA4Yx1CJvrdI8epLfnA,102K Subscribers,1929 Videos,21.7M Total Views,Latest Video: Jul 28 2022
Roy Gaming,Gaming,http://www.youtube.com/channel/UC6s_hKht9wEzvI1RSUOaCxg,496K Subscribers,1088 Videos,13.5M Total Views,Latest Video: Jul 28 2022
DownloadingPirate,Education,http://www.youtube.com/channel/UCDpzfA7lBv9tdLBDEW-4Ovw,21.3K Subscribers,155 Videos,2.18M Total Views,Latest Video: Jul 28 2022
Top Hat Gaming Man,Entertainment,http://www.youtube.com/channel/UCZiiGwQJ0ybsCcN3fyGBQCQ,119K Subscribers,699 Videos,23.9M Total Views,Latest Video: Jul 28 2022
HACKER-_DO-_B3M,Gaming,http://www.youtube.com/channel/UCZ4zX0fA9qAOGE4HCK7lZUQ,131K Subscribers,585 Videos,13.9M Total Views,Latest Video: Jul 28 2022
Epagri V√≠deos,People & Blogs,http://www.youtube.com/channel/UCY2KH_MqN0HUihndkcG8JdQ,280K Subscribers,1023 Videos,33.4M Total Views,Latest Video: Jul 28 2022
Mohammed Hajar ŸÖÿ≠ÔøΩ...,Travel & Events,http://www.youtube.com/channel/UCYsApUBp3ULeLgmk1UAxlSg,73.0K Subscribers,883 Videos,11.0M Total Views,Latest Video: Jul 28 2022
NANA K 24.7,Film and Animation,http://www.youtube.com/channel/UCZi4i4QMc9cJMnWfm4E_JYw,84.7K Subscribers,490 Videos,3.38M Total Views,Latest Video: Jul 28 2022
Rapha Pinheiro,Entertainment,http://www.youtube.com/channel/UCyRJv_q5RTWF6MT49YG_PhA,24.8K Subscribers,1094 Videos,1.84M Total Views,Latest Video: Jul 28 2022
Driven CH,People & Blogs,http://www.youtube.com/channel/UCZ5GpmBJsbuweiVZAHIr7ew,42.6K Subscribers,681 Videos,3.74M Total Views,Latest Video: Jul 28 2022
RODRIGO SEPULVEDA #S...,Sports,http://www.youtube.com/channel/UCz4j4-qucvhcmh9Vafo6Hyg,128K Subscribers,808 Videos,11.8M Total Views,Latest Video: Jul 28 2022
Tackle Trading,Entertainment,http://www.youtube.com/channel/UCmUs7CmNFAr7gE6wP7ktVjw,22.7K Subscribers,2546 Videos,2.58M Total Views,Latest Video: Jul 28 2022
Tor√≥ T√°tico,Entertainment,http://www.youtube.com/channel/UCn37JH_JWRE259fwPMf_-Pg,13.8K Subscribers,743 Videos,1.69M Total Views,Latest Video: Jul 28 2022
